Date,Open,High,Low,Close,Volume
2019-01-02,38.72,39.71,38.56,39.48,148158952
2019-01-03,36,36.43,35.5,35.55,365248812
2019-01-04,36.13,37.14,35.95,37.07,234428280
2019-01-07,37.18,37.21,36.48,36.98,219111048
2019-01-08,37.39,37.96,37.13,37.69,164101248
2019-01-09,37.82,38.63,37.41,38.33,180396312
2019-01-10,38.13,38.49,37.72,38.45,143122688
2019-01-11,38.22,38.43,37.88,38.07,108092960
2019-01-14,37.71,37.82,37.31,37.5,129756756
2019-01-15,37.57,38.35,37.51,38.27,114841280
2019-01-16,38.27,38.97,38.25,38.74,122278844
2019-01-17,38.55,39.42,38.32,38.97,119284640
2019-01-18,39.38,39.47,39,39.21,135004080
2019-01-22,39.1,39.18,38.16,38.33,121575884
2019-01-23,38.54,38.79,37.93,38.48,92522280
2019-01-24,38.53,38.62,37.94,38.18,101766204
2019-01-25,38.87,39.53,38.58,39.44,134191564
2019-01-28,38.95,39.08,38.42,39.08,104768244
2019-01-29,39.06,39.53,38.53,38.67,166348952
2019-01-30,40.81,41.54,40.06,41.31,244439124
2019-01-31,41.53,42.25,41.14,41.61,162958592
2019-02-01,41.74,42.25,41.48,41.63,130672564
2019-02-04,41.85,42.91,41.82,42.81,125982320
2019-02-05,43.22,43.77,43.09,43.55,144406532
2019-02-06,43.66,43.89,43.21,43.56,112958360
2019-02-07,43.1,43.49,42.59,42.74,126966756
2019-02-08,42.25,42.67,42.11,42.6,95279884
2019-02-11,42.76,42.8,42.31,42.36,83973720
2019-02-12,42.53,42.75,42.43,42.72,89134080
2019-02-13,42.85,43.12,42.48,42.55,89960920
2019-02-14,42.43,42.82,42.35,42.7,87343000
2019-02-15,42.81,42.93,42.44,42.61,98507244
2019-02-19,42.43,42.86,42.37,42.73,75891320
2019-02-20,42.8,43.33,42.75,43.01,104457436
2019-02-21,42.95,43.09,42.58,42.77,68998680
2019-02-22,42.9,43.25,42.85,43.24,75652600
2019-02-25,43.54,43.97,43.49,43.56,87493436
2019-02-26,43.43,43.83,43.29,43.58,68280844
2019-02-27,43.3,43.75,43.18,43.72,111341564
2019-02-28,43.58,43.73,43.23,43.29,112861680
2019-03-01,43.57,43.79,43.22,43.74,103544680
2019-03-04,43.92,44.44,43.49,43.96,109744796
2019-03-05,43.99,44,43.64,43.88,78949680
2019-03-06,43.67,43.87,43.49,43.63,83241524
2019-03-07,43.47,43.61,43.01,43.13,99185476
2019-03-08,42.58,43.27,42.38,43.23,95997436
2019-03-11,43.87,44.78,43.84,44.73,128044116
2019-03-12,45,45.67,44.84,45.23,129870320
2019-03-13,45.56,45.83,45.23,45.43,124130080
2019-03-14,45.98,46.03,45.64,45.93,94318040
2019-03-15,46.21,46.83,45.94,46.53,156171640
2019-03-18,46.45,47.1,46.45,47.01,104879320
2019-03-19,47.09,47.25,46.48,46.63,126585476
2019-03-20,46.56,47.37,46.18,47.04,124140920
2019-03-21,47.51,49.08,47.45,48.77,204136952
2019-03-22,48.84,49.42,47.7,47.76,169630688
2019-03-25,47.88,48,46.65,47.19,175381156
2019-03-26,47.92,48.22,46.15,46.7,199202156
2019-03-27,47.19,47.44,46.64,47.12,119393720
2019-03-28,47.24,47.39,46.88,47.18,83121436
2019-03-29,47.46,47.52,47.14,47.49,94255844
2019-04-01,47.91,47.92,47.1,47.81,111447844
2019-04-02,47.77,48.62,47.76,48.51,91062920
2019-04-03,48.31,49.13,48.29,48.84,93087320
2019-04-04,48.7,49.09,48.29,48.92,76457116
2019-04-05,49.11,49.28,48.98,49.25,74106564
2019-04-08,49.11,50.06,49.09,50.03,103526796
2019-04-09,50.08,50.71,49.81,49.88,143072952
2019-04-10,49.67,50.19,49.55,50.16,86781156
2019-04-11,50.21,50.25,49.61,49.74,83603244
2019-04-12,49.8,50.04,49.05,49.72,111042680
2019-04-15,49.65,49.96,49.5,49.81,70146600
2019-04-16,49.87,50.34,49.64,49.81,102785564
2019-04-17,49.89,50.85,49.65,50.78,115627116
2019-04-18,50.78,51.04,50.63,50.97,96783080
2019-04-22,50.71,51.24,50.59,51.13,77758204
2019-04-23,51.11,51.94,50.98,51.87,93291960
2019-04-24,51.84,52.12,51.76,51.79,70162436
2019-04-25,51.71,51.94,51.28,51.32,74172844
2019-04-26,51.23,51.25,50.53,51.08,74596400
2019-04-29,51.1,51.49,50.97,51.15,88818884
2019-04-30,50.77,50.85,49.78,50.17,186139688
2019-05-01,52.47,53.83,52.31,52.63,259309312
2019-05-02,52.46,53.16,52.03,52.29,127985280
2019-05-03,52.72,52.96,52.56,52.94,83569524
2019-05-06,51.07,52.21,50.88,52.12,129772436
2019-05-07,51.47,51.85,50.21,50.72,155054796
2019-05-08,50.48,51.34,50.44,50.73,105358000
2019-05-09,50.1,50.42,49.17,50.18,139634436
2019-05-10,49.35,49.71,48.19,49.3,164834844
2019-05-13,46.93,47.37,45.71,46.43,229722484
2019-05-14,46.6,47.43,46.35,47.17,146118720
2019-05-15,46.57,47.94,46.51,47.73,106178884
2019-05-16,47.48,48.12,47.21,47.52,132125436
2019-05-17,46.73,47.73,46.69,47.25,131516360
2019-05-20,45.88,46.09,45.07,45.77,154449156
2019-05-21,46.31,47,46.18,46.65,113459400
2019-05-22,46.17,46.43,45.64,45.7,118994244
2019-05-23,44.95,45.14,44.45,44.92,146118952
2019-05-24,45.05,45.54,44.66,44.74,94858756
2019-05-28,44.73,45.15,44.48,44.56,111792640
2019-05-29,44.11,44.84,44,44.35,113924680
2019-05-30,44.49,44.81,44.17,44.58,84873640
2019-05-31,44.06,44.5,43.75,43.77,108174320
2019-06-03,43.9,44.48,42.57,43.33,161584280
2019-06-04,43.86,44.96,43.63,44.91,123871844
2019-06-05,46.07,46.25,45.29,45.64,119093720
2019-06-06,45.77,46.37,45.54,46.31,90105244
2019-06-07,46.63,47.98,46.44,47.54,122737564
2019-06-10,47.95,48.84,47.91,48.15,104883400
2019-06-11,48.72,49,48.4,48.7,107731524
2019-06-12,48.49,48.99,48.35,48.55,73012756
2019-06-13,48.68,49.2,48.4,48.54,86698524
2019-06-14,47.89,48.4,47.58,48.19,75045884
2019-06-17,48.23,48.74,48.04,48.47,58676560
2019-06-18,49.01,50.07,48.8,49.61,106204000
2019-06-19,49.92,49.97,49.33,49.47,84496960
2019-06-20,50.09,50.15,49.51,49.87,86055960
2019-06-21,49.7,50.21,49.54,49.7,191202376
2019-06-24,49.64,50.04,49.54,49.65,72881680
2019-06-25,49.61,49.82,48.82,48.89,84281320
2019-06-26,49.44,50.25,49.34,49.95,104270040
2019-06-27,50.07,50.39,49.89,49.94,83598884
2019-06-28,49.67,49.87,49.26,49.48,124442564
2019-07-01,50.79,51.12,50.16,50.39,109266960
2019-07-02,50.35,50.78,50.34,50.68,67740884
2019-07-03,50.82,51.11,50.67,51.1,45448200
2019-07-05,50.84,51.27,50.73,51.06,69062080
2019-07-08,50.2,50.35,49.6,50.01,101354524
2019-07-09,49.8,50.38,49.7,50.31,82312080
2019-07-10,50.46,50.93,50.39,50.81,71588564
2019-07-11,50.83,51.1,50.43,50.44,80767360
2019-07-12,50.61,51,50.55,50.83,70380844
2019-07-15,51.02,51.47,51,51.3,67789680
2019-07-16,51.15,51.53,50.88,51.13,67467280
2019-07-17,51.01,51.27,50.82,50.84,56429800
2019-07-18,51,51.47,50.93,51.42,74328640
2019-07-19,51.45,51.63,50.59,50.65,83717244
2019-07-22,50.91,51.81,50.9,51.81,89111720
2019-07-23,52.12,52.23,51.82,52.21,73420844
2019-07-24,51.92,52.29,51.79,52.17,59966280
2019-07-25,52.22,52.31,51.68,51.76,55638240
2019-07-26,51.87,52.43,51.79,51.94,70475476
2019-07-29,52.12,52.66,52.11,52.42,86693564
2019-07-30,52.19,52.54,51.83,52.2,135742876
2019-07-31,54.11,55.34,52.83,53.26,277125436
2019-08-01,53.48,54.51,51.69,52.11,216071688
2019-08-02,51.38,51.61,50.41,51.01,163448484
2019-08-05,49.5,49.66,48.15,48.34,209571876
2019-08-06,49.08,49.52,48.51,49.25,143299172
2019-08-07,48.85,49.89,48.46,49.76,133457592
2019-08-08,50.05,50.88,49.85,50.86,108038080
2019-08-09,50.33,50.69,49.82,50.25,98479000
2019-08-12,49.91,50.51,49.79,50.12,89927564
2019-08-13,50.26,53.04,50.21,52.24,190159172
2019-08-14,50.79,51.61,50.65,50.69,146189764
2019-08-15,50.87,51.29,49.92,50.44,111533436
2019-08-16,51.07,51.79,50.96,51.63,115254476
2019-08-19,52.66,53.18,52.51,52.59,97727680
2019-08-20,52.72,53.34,52.58,52.59,107678116
2019-08-21,53.25,53.41,52.9,53.16,86259000
2019-08-22,53.3,53.61,52.69,53.12,89071280
2019-08-23,52.36,53.01,50.25,50.66,187531360
2019-08-26,51.47,51.8,51.26,51.62,104264524
2019-08-27,51.97,52.14,50.88,51.04,103589360
2019-08-28,51.03,51.43,50.83,51.38,63830520
2019-08-29,52.13,52.33,51.66,52.25,84030600
2019-08-30,52.54,52.61,51.8,52.19,84650244
2019-09-03,51.61,51.75,51.06,51.43,80238280
2019-09-04,52.1,52.37,51.83,52.3,76867280
2019-09-05,53,53.49,52.88,53.32,95787524
2019-09-06,53.51,53.61,53.13,53.32,77449156
2019-09-09,53.71,54.11,52.77,53.54,109237600
2019-09-10,53.47,54.2,52.93,54.18,127111720
2019-09-11,54.52,55.93,54.43,55.9,177158592
2019-09-12,56.2,56.61,55.72,55.77,128906680
2019-09-13,55,55.2,54.26,54.69,159053204
2019-09-16,54.43,55.03,54.39,54.98,84632564
2019-09-17,54.99,55.21,54.78,55.18,73545884
2019-09-18,55.27,55.71,54.86,55.69,102572360
2019-09-19,55.5,55.94,55.09,55.24,88751524
2019-09-20,55.35,55.64,54.37,54.43,231908360
2019-09-23,54.74,54.96,54.41,54.68,77678600
2019-09-24,55.26,55.62,54.3,54.42,125737476
2019-09-25,54.64,55.38,54.29,55.26,89924040
2019-09-26,55,55.24,54.71,54.97,76353244
2019-09-27,55.14,55.24,54.32,54.71,101445156
2019-09-30,55.23,56.15,55.2,55.99,105274320
2019-10-01,56.27,57.06,56.05,56.15,144748640
2019-10-02,55.77,55.9,54.48,54.74,143069048
2019-10-03,54.61,55.24,53.78,55.21,121410756
2019-10-04,56.41,56.87,55.97,56.75,139022204
2019-10-07,56.57,57.48,56.46,56.77,123557080
2019-10-08,56.46,57.02,56.08,56.1,117130796
2019-10-09,56.76,56.95,56.41,56.76,76117680
2019-10-10,56.98,57.61,56.83,57.52,115851920
2019-10-11,58.24,59.41,58.08,59.05,167960828
2019-10-14,58.73,59.53,58.67,58.97,97653920
2019-10-15,59.1,59.41,58.72,58.83,92161920
2019-10-16,58.34,58.81,58.3,58.59,77146756
2019-10-17,58.77,59.04,58.38,58.82,69091600
2019-10-18,58.65,59.4,58.57,59.1,97508680
2019-10-21,59.38,60.25,59.33,60.13,89469920
2019-10-22,60.29,60.55,59.91,59.99,90736000
2019-10-23,60.53,60.81,60.31,60.8,79730204
2019-10-24,61.13,61.2,60.45,60.9,71665040
2019-10-25,60.79,61.68,60.72,61.65,73477204
2019-10-28,61.86,62.31,61.68,62.26,96572960
2019-10-29,62.24,62.44,60.64,60.82,142839484
2019-10-30,61.19,61.33,60.3,60.82,124522080
2019-10-31,61.81,62.29,59.32,62.19,139162080
2019-11-01,62.39,63.98,62.29,63.96,151125312
2019-11-04,64.33,64.46,63.85,64.38,103271796
2019-11-05,64.26,64.55,64.08,64.28,79897720
2019-11-06,64.19,64.37,63.84,64.31,75864476
2019-11-07,64.69,65.09,64.53,64.86,94940320
2019-11-08,64.67,65.11,64.21,65.04,70082000
2019-11-11,64.58,65.62,64.57,65.55,82029844
2019-11-12,65.39,65.7,65.23,65.49,87388920
2019-11-13,65.28,66.2,65.27,66.12,103270360
2019-11-14,65.94,66.22,65.53,65.66,89582244
2019-11-15,65.92,66.45,65.75,66.44,100374680
2019-11-18,66.45,66.86,66.06,66.78,86803600
2019-11-19,66.98,67,66.35,66.57,76278400
2019-11-20,66.39,66.52,65.1,65.8,106439680
2019-11-21,65.92,66,65.3,65.5,121395116
2019-11-22,65.65,65.8,65.21,65.45,65325040
2019-11-25,65.68,66.61,65.63,66.59,84118080
2019-11-26,66.74,66.79,65.63,66.07,105339524
2019-11-27,66.4,67,66.33,66.96,65544476
2019-11-29,66.65,67,66.48,66.81,46617440
2019-12-02,66.82,67.06,65.86,66.04,94774204
2019-12-03,64.58,64.88,64.07,64.86,117509080
2019-12-04,65.27,65.83,65.17,65.44,67241564
2019-12-05,65.95,66.47,65.68,66.4,74645360
2019-12-06,66.87,67.75,66.83,67.68,106189960
2019-12-09,67.5,67.7,66.23,66.73,128730600
2019-12-10,67.15,67.52,66.47,67.12,90529524
2019-12-11,67.2,67.78,67.13,67.69,78893564
2019-12-12,66.95,68.14,66.83,67.87,137748156
2019-12-13,67.87,68.83,67.73,68.79,131677592
2019-12-16,69.25,70.2,69.25,69.97,128324436
2019-12-17,69.89,70.44,69.7,70.1,114303204
2019-12-18,69.95,70.48,69.78,69.94,116098756
2019-12-19,69.88,70.3,69.74,70.01,98507796
2019-12-20,70.56,70.66,69.64,69.86,276130936
2019-12-23,70.13,71.06,70.09,71,98711524
2019-12-24,71.17,71.22,70.73,71.07,48478840
2019-12-26,71.21,72.5,71.18,72.48,93336000
2019-12-27,72.78,73.49,72.03,72.45,146371764
2019-12-30,72.37,73.17,71.31,72.88,144238436
2019-12-31,72.48,73.42,72.38,73.41,100990524
2020-01-02,74.06,75.15,73.8,75.09,135647436
2020-01-03,74.29,75.15,74.13,74.36,146535516
2020-01-06,73.45,74.99,73.19,74.95,118578564
2020-01-07,74.96,75.23,74.37,74.6,111510640
2020-01-08,74.29,76.11,74.29,75.8,132363796
2020-01-09,76.81,77.61,76.55,77.41,170486156
2020-01-10,77.65,78.17,77.06,77.58,140869092
2020-01-13,77.91,79.27,77.79,79.24,122086884
2020-01-14,79.18,79.39,78.04,78.17,162613844
2020-01-15,77.96,78.88,77.39,77.84,121923524
2020-01-16,78.4,78.93,78.02,78.81,108829000
2020-01-17,79.07,79.69,78.75,79.68,137816484
2020-01-21,79.3,79.76,79,79.14,110843244
2020-01-22,79.65,80,79.33,79.43,101832476
2020-01-23,79.48,79.89,78.91,79.81,104471960
2020-01-24,80.06,80.83,79.38,79.58,146537516
2020-01-27,77.52,77.94,76.22,77.24,161940032
2020-01-28,78.15,79.6,78.05,79.42,162233952
2020-01-29,81.11,81.96,80.35,81.09,216599720
2020-01-30,80.14,81.02,79.69,80.97,126743244
2020-01-31,80.23,80.67,77.07,77.38,199588408
2020-02-03,76.08,78.37,75.56,77.17,173985592
2020-02-04,78.83,79.91,78.41,79.71,136616516
2020-02-05,80.88,81.19,79.74,80.36,118826884
2020-02-06,80.64,81.31,80.07,81.3,105425564
2020-02-07,80.59,80.85,79.5,80.01,117684040
2020-02-10,78.55,80.39,78.46,80.39,109348884
2020-02-11,80.9,80.98,79.68,79.9,94323116
2020-02-12,80.37,81.81,80.37,81.8,113730280
2020-02-13,81.05,81.56,80.84,81.22,94747564
2020-02-14,81.19,81.5,80.71,81.24,80113796
2020-02-18,78.84,79.94,78.65,79.75,152762204
2020-02-19,80,81.14,80,80.91,93983960
2020-02-20,80.66,81.16,79.55,80.08,100565960
2020-02-21,79.66,80.11,77.63,78.26,129705680
2020-02-24,74.32,76.05,72.31,74.55,222195328
2020-02-25,75.24,75.63,71.53,72.02,230673436
2020-02-26,71.63,74.47,71.63,73.16,198713736
2020-02-27,70.28,71.5,68.24,68.38,320605500
2020-02-28,64.32,69.6,64.09,68.34,426884812
2020-03-02,70.57,75.36,69.43,74.7,341397376
2020-03-03,75.92,76,71.45,72.33,319475408
2020-03-04,74.11,75.85,73.28,75.69,219178264
2020-03-05,73.88,74.89,72.85,73.23,187572876
2020-03-06,70.5,72.71,70.31,72.26,226176984
2020-03-09,65.94,69.52,65.75,66.54,286744844
2020-03-10,69.29,71.61,67.34,71.34,285290092
2020-03-11,69.35,70.31,67.97,68.86,256379876
2020-03-12,63.99,67.5,62,62.06,418473968
2020-03-13,66.22,69.98,63.24,69.49,370732124
2020-03-16,60.49,64.77,60,60.55,322423500
2020-03-17,61.88,64.4,59.6,63.22,324055876
2020-03-18,59.94,62.5,59.28,61.67,300233624
2020-03-19,61.85,63.21,60.65,61.2,271857032
2020-03-20,61.8,62.96,57,57.31,401693188
2020-03-23,57.02,57.12,53.15,56.09,336752844
2020-03-24,59.09,61.92,58.58,61.72,287531064
2020-03-25,62.69,64.56,61.08,61.38,303602064
2020-03-26,61.63,64.67,61.59,64.61,252560672
2020-03-27,63.19,63.97,61.76,61.94,204216608
2020-03-30,62.69,63.88,62.35,63.7,167976452
2020-03-31,63.9,65.62,63,63.57,197002000
2020-04-01,61.63,62.18,59.78,60.23,176218564
2020-04-02,60.09,61.29,59.23,61.23,165933952
2020-04-03,60.7,61.43,59.74,60.35,129880080
2020-04-06,62.73,65.78,62.35,65.62,200337200
2020-04-07,67.7,67.93,64.75,64.86,202887328
2020-04-08,65.69,66.84,65.31,66.52,168895280
2020-04-09,67.18,67.52,66.18,67,162116484
2020-04-13,67.08,68.43,66.46,68.31,131022920
2020-04-14,70,72.06,69.51,71.76,194994688
2020-04-15,70.6,71.58,70.16,71.11,131154564
2020-04-16,71.85,72.05,70.59,71.67,157125156
2020-04-17,71.17,71.74,69.22,70.7,215249920
2020-04-20,69.49,70.42,69.21,69.23,130015000
2020-04-21,69.07,69.31,66.36,67.09,180991548
2020-04-22,68.4,69.48,68.05,69.03,117057360
2020-04-23,68.97,70.44,68.72,68.76,124814320
2020-04-24,69.3,70.75,69.25,70.74,126508720
2020-04-27,70.45,71.14,69.99,70.79,117087564
2020-04-28,71.27,71.46,69.55,69.65,112004756
2020-04-29,71.18,72.42,70.97,71.93,137280796
2020-04-30,72.49,73.63,72.09,73.45,183063876
2020-05-01,71.56,74.75,71.46,72.27,240616720
2020-05-04,72.29,73.42,71.58,73.29,133567952
2020-05-05,73.77,75.25,73.62,74.39,147751204
2020-05-06,75.12,75.81,74.72,75.16,142333764
2020-05-07,75.81,76.29,75.49,75.94,115215040
2020-05-08,76.41,77.59,76.07,77.53,134047952
2020-05-11,77.03,79.26,76.81,78.75,145946236
2020-05-12,79.46,79.92,77.73,77.85,162301048
2020-05-13,78.04,78.99,75.8,76.91,200622564
2020-05-14,76.13,77.45,75.38,77.39,158929092
2020-05-15,75.09,76.98,75.05,76.93,166348360
2020-05-18,78.29,79.13,77.58,78.74,135372516
2020-05-19,78.76,79.63,78.25,78.29,101729564
2020-05-20,79.17,79.88,79.05,79.81,111504884
2020-05-21,79.67,80.22,78.97,79.21,102688844
2020-05-22,78.94,79.81,78.84,79.72,81803000
2020-05-26,80.88,81.06,79.13,79.18,125521796
2020-05-27,79.04,79.68,78.27,79.53,112945080
2020-05-28,79.19,80.86,78.91,79.56,133796408
2020-05-29,79.81,80.29,79.12,79.49,153598108
2020-06-01,79.44,80.59,79.3,80.46,81018600
2020-06-02,80.19,80.86,79.73,80.84,87642796
2020-06-03,81.17,81.55,80.58,81.28,104491204
2020-06-04,81.1,81.41,80.2,80.58,87560360
2020-06-05,80.84,82.94,80.81,82.88,137250204
2020-06-08,82.56,83.4,81.83,83.37,95654524
2020-06-09,83.04,86.4,83,86,147712360
2020-06-10,86.98,88.69,86.52,88.21,166651764
2020-06-11,87.33,87.77,83.87,83.98,201662436
2020-06-12,86.18,86.95,83.56,84.7,200146048
2020-06-15,83.31,86.42,83.15,85.75,138808920
2020-06-16,87.87,88.3,86.18,88.02,165428720
2020-06-17,88.79,88.85,87.77,87.9,114406524
2020-06-18,87.85,88.36,87.31,87.93,96820400
2020-06-19,88.66,89.14,86.29,87.43,264475812
2020-06-22,87.84,89.87,87.79,89.72,135445280
2020-06-23,91,93.1,90.57,91.63,212155484
2020-06-24,91.25,92.2,89.63,90.02,192623392
2020-06-25,90.18,91.25,89.39,91.21,137522532
2020-06-26,91.1,91.33,88.26,88.41,205256828
2020-06-29,88.31,90.54,87.82,90.45,130646080
2020-06-30,90.02,91.5,90,91.2,140223280
2020-07-01,91.28,91.84,90.98,91.03,110737244
2020-07-02,91.96,92.62,90.91,91.03,114041476
2020-07-06,92.5,93.95,92.47,93.46,118655640
2020-07-07,93.85,94.66,93.06,93.17,112424436
2020-07-08,94.18,95.38,94.09,95.34,117091884
2020-07-09,96.26,96.32,94.67,95.68,125642600
2020-07-10,95.34,95.98,94.71,95.92,90257320
2020-07-13,97.27,99.96,95.26,95.48,191649156
2020-07-14,94.84,97.26,93.88,97.06,170989360
2020-07-15,98.99,99.25,96.49,97.73,153197920
2020-07-16,96.56,97.41,95.91,96.52,110577680
2020-07-17,96.99,97.15,95.84,96.33,92186920
2020-07-20,96.42,98.5,96.06,98.36,90317920
2020-07-21,99.17,99.25,96.74,97,103645844
2020-07-22,96.69,97.98,96.6,97.27,89001640
2020-07-23,97,97.08,92.01,92.85,197004452
2020-07-24,90.99,92.97,89.15,92.62,185438876
2020-07-27,93.71,94.91,93.48,94.81,121214204
2020-07-28,94.37,94.55,93.25,93.25,103625524
2020-07-29,93.75,95.23,93.71,95.04,90329244
2020-07-30,94.19,96.3,93.77,96.19,158130048
2020-07-31,102.88,106.42,100.83,106.26,374295500
2020-08-03,108.2,111.64,107.89,108.94,308151408
2020-08-04,109.13,110.79,108.39,109.67,172792360
2020-08-05,109.38,110.39,108.9,110.06,121991960
2020-08-06,110.41,114.41,109.8,113.9,202428920
2020-08-07,113.21,113.68,110.29,111.11,198045592
2020-08-10,112.6,113.78,110,112.73,212403436
2020-08-11,111.97,112.48,109.11,109.38,187902376
2020-08-12,110.5,113.28,110.3,113.01,165944828
2020-08-13,114.43,116.04,113.93,115.01,210082080
2020-08-14,114.83,115,113.05,114.91,165565204
2020-08-17,116.06,116.09,113.96,114.61,119561436
2020-08-18,114.35,116,114.01,115.56,105633564
2020-08-19,115.98,117.16,115.61,115.71,145538000
2020-08-20,115.75,118.39,115.73,118.28,126907204
2020-08-21,119.26,124.87,119.25,124.37,338054656
2020-08-24,128.7,128.79,123.94,125.86,345937752
2020-08-25,124.7,125.18,123.05,124.83,211495812
2020-08-26,126.18,126.99,125.08,126.52,163022264
2020-08-27,127.14,127.49,123.83,125.01,155552408
2020-08-28,126.01,126.44,124.58,124.81,187629920
2020-08-31,127.58,131,126,129.04,225702703
2020-09-01,132.76,134.8,130.53,134.18,152470094
2020-09-02,137.59,137.98,127,131.4,200119016
2020-09-03,126.91,128.84,120.5,120.88,257599594
2020-09-04,120.07,123.7,110.89,120.96,332607188
2020-09-08,113.95,118.99,112.68,112.82,231366594
2020-09-09,117.26,119.14,115.26,117.32,176940500
2020-09-10,120.36,120.5,112.5,113.49,182274406
2020-09-11,114.57,115.23,110,112,180860297
2020-09-14,114.72,115.93,112.8,115.36,140150094
2020-09-15,118.33,118.83,113.61,115.54,184642000
2020-09-16,115.23,116,112.04,112.13,155026703
2020-09-17,109.72,112.2,108.71,110.34,178011016
2020-09-18,110.4,110.88,106.09,106.84,287104906
2020-09-21,104.54,110.19,103.1,110.08,195713797
2020-09-22,112.68,112.86,109.16,111.81,183055391
2020-09-23,111.62,112.11,106.77,107.12,150718703
2020-09-24,105.17,110.25,105,108.22,167743297
2020-09-25,108.43,112.44,107.67,112.28,149981406
2020-09-28,115.01,115.32,112.78,114.96,137672406
2020-09-29,114.55,115.31,113.57,114.09,100060492
2020-09-30,113.79,117.26,113.62,115.81,142675203
2020-10-01,117.64,117.72,115.83,116.79,116120398
2020-10-02,112.89,115.37,112.22,113.02,144712000
2020-10-05,113.91,116.65,113.55,116.5,106243797
2020-10-06,115.7,116.12,112.25,113.16,161498203
2020-10-07,114.62,115.55,114.13,115.08,96848992
2020-10-08,116.25,116.4,114.59,114.97,83477148
2020-10-09,115.28,117,114.92,116.97,100506898
2020-10-12,120.06,125.18,119.28,124.4,240226797
2020-10-13,125.27,125.39,119.65,121.1,262330500
2020-10-14,121,123.03,119.62,121.19,151062297
2020-10-15,118.72,121.2,118.15,120.71,112559203
2020-10-16,121.28,121.55,118.81,119.02,115393797
2020-10-19,119.96,120.42,115.66,115.98,120639297
2020-10-20,116.2,118.98,115.63,117.51,124423695
2020-10-21,116.67,118.71,116.45,116.87,89945984
2020-10-22,117.45,118.04,114.59,115.75,101988000
2020-10-23,116.39,116.55,114.28,115.04,82572648
2020-10-26,114.01,116.55,112.88,115.05,111850703
2020-10-27,115.49,117.28,114.54,116.6,92276766
2020-10-28,115.05,115.43,111.1,111.2,143937797
2020-10-29,112.37,116.93,112.2,115.32,146129203
2020-10-30,111.06,111.99,107.72,108.86,190573500
2020-11-02,109.11,110.68,107.32,108.77,122866898
2020-11-03,109.66,111.49,108.73,110.44,107624398
2020-11-04,114.14,115.59,112.35,114.95,138235500
2020-11-05,117.95,119.62,116.87,119.03,126387102
2020-11-06,118.32,119.2,116.13,118.69,114457906
2020-11-09,120.5,121.99,116.05,116.32,154515297
2020-11-10,115.55,117.59,114.13,115.97,138023391
2020-11-11,117.19,119.63,116.44,119.49,112295000
2020-11-12,119.62,120.53,118.57,119.21,103350703
2020-11-13,119.44,119.67,117.87,119.26,81688594
2020-11-16,118.92,120.99,118.15,120.3,91183023
2020-11-17,119.55,120.67,118.96,119.39,74270969
2020-11-18,118.61,119.82,118,118.03,76322109
2020-11-19,117.59,119.06,116.81,118.64,74112969
2020-11-20,118.64,118.77,117.29,117.34,73604289
2020-11-23,117.18,117.62,113.75,113.85,127959297
2020-11-24,113.91,115.85,112.59,115.17,113874203
2020-11-25,115.55,116.75,115.17,116.03,76499234
2020-11-27,116.57,117.49,116.22,116.59,46691328
2020-11-30,116.97,120.97,116.81,119.05,169410203
2020-12-01,121.01,123.47,120.01,122.72,128166797
2020-12-02,122.02,123.37,120.89,123.08,89004203
2020-12-03,123.52,123.78,122.21,122.94,78967633
2020-12-04,122.6,122.86,121.52,122.25,78260414
2020-12-07,122.31,124.57,122.25,123.75,86711992
2020-12-08,124.37,124.98,123.09,124.38,82225516
2020-12-09,124.53,125.95,121,121.78,115089203
2020-12-10,120.5,123.87,120.15,123.24,81312172
2020-12-11,122.43,122.76,120.55,122.41,86939789
2020-12-14,122.6,123.35,121.54,121.78,79075992
2020-12-15,124.34,127.9,124.13,127.88,157572297
2020-12-16,127.41,128.37,126.56,127.81,98208594
2020-12-17,128.9,129.58,128.05,128.7,94359805
2020-12-18,128.96,129.1,126.12,126.66,192541500
2020-12-21,125.02,128.31,123.45,128.23,121251602
2020-12-22,131.61,134.41,129.65,131.88,169351812
2020-12-23,132.16,132.43,130.78,130.96,88223688
2020-12-24,131.32,133.46,131.1,131.97,54930059
2020-12-28,133.99,137.34,133.51,136.69,124486203
2020-12-29,138.05,138.79,134.34,134.87,121047297
2020-12-30,135.58,135.99,133.4,133.72,96452117
2020-12-31,134.08,134.74,131.72,132.69,99116594
2021-01-04,133.52,133.61,126.76,129.41,143301906
2021-01-05,128.89,131.74,128.43,131.01,97664898
2021-01-06,127.72,131.05,126.38,126.6,155088000
2021-01-07,128.36,131.63,127.86,130.92,109578203
2021-01-08,132.43,132.63,130.23,132.05,105158203
2021-01-11,129.19,130.17,128.5,128.98,100620898
2021-01-12,128.5,129.69,126.86,128.8,91951148
2021-01-13,128.76,131.45,128.49,130.89,88636828
2021-01-14,130.8,131,128.76,128.91,90221758
2021-01-15,128.78,130.22,127,127.14,111598492
2021-01-19,127.78,128.71,126.94,127.83,90757328
2021-01-20,128.66,132.49,128.55,132.03,104319508
2021-01-21,133.8,139.67,133.59,136.87,120529508
2021-01-22,136.28,139.85,135.02,139.07,114459398
2021-01-25,143.07,145.09,136.54,142.92,157611703
2021-01-26,143.6,144.3,141.37,143.16,98390562
2021-01-27,143.43,144.3,140.41,142.06,140843812
2021-01-28,139.52,141.99,136.7,137.09,142621109
2021-01-29,135.83,136.74,130.21,131.96,177523812
2021-02-01,133.75,135.38,130.93,134.14,106239797
2021-02-02,135.73,136.31,134.61,134.99,83305367
2021-02-03,135.76,135.77,133.61,133.94,89880945
2021-02-04,136.3,137.4,134.59,137.39,84183055
2021-02-05,137.35,137.42,135.86,136.76,75693828
2021-02-08,136.03,136.96,134.92,136.91,71297211
2021-02-09,136.62,137.88,135.85,136.01,76774211
2021-02-10,136.48,136.99,134.4,135.39,73046562
2021-02-11,135.9,136.39,133.77,135.13,64280031
2021-02-12,134.35,135.53,133.69,135.37,60145129
2021-02-16,135.49,136.01,132.79,133.19,80576320
2021-02-17,131.25,132.22,129.47,130.84,98085250
2021-02-18,129.2,130,127.41,129.71,96856750
2021-02-19,130.24,130.71,128.8,129.87,87668828
2021-02-22,128.01,129.72,125.6,126,103916398
2021-02-23,123.76,126.71,118.39,125.86,158272984
2021-02-24,124.94,125.56,122.23,125.35,111039906
2021-02-25,124.68,126.46,120.54,120.99,148199500
2021-02-26,122.59,124.85,121.2,121.26,164560406
2021-03-01,123.75,127.93,122.79,127.79,116307906
2021-03-02,128.41,128.72,125.01,125.12,102260898
2021-03-03,124.81,125.71,121.84,122.06,112966305
2021-03-04,121.75,123.6,118.62,120.13,178155016
2021-03-05,120.98,121.94,117.57,121.42,153766594
2021-03-08,120.93,121,116.21,116.36,154376609
2021-03-09,119.03,122.06,118.79,121.09,129525797
2021-03-10,121.69,122.17,119.45,119.98,111943297
2021-03-11,122.54,123.21,121.26,121.96,103026492
2021-03-12,120.4,121.17,119.16,121.03,88105047
2021-03-15,121.41,124,120.42,123.99,92590562
2021-03-16,125.7,127.22,124.72,125.57,115227906
2021-03-17,124.05,125.86,122.34,124.76,111932602
2021-03-18,122.88,123.18,120.32,120.53,121469797
2021-03-19,119.9,121.43,119.68,119.99,185549500
2021-03-22,120.33,123.87,120.26,123.39,111912305
2021-03-23,123.33,124.24,122.14,122.54,95467133
2021-03-24,122.82,122.9,120.07,120.09,88530484
2021-03-25,119.54,121.66,119,120.59,98844680
2021-03-26,120.35,121.48,118.92,121.21,94071234
2021-03-29,121.65,122.58,120.73,121.39,80819203
2021-03-30,120.11,120.4,118.86,119.9,85671922
2021-03-31,121.65,123.52,121.15,122.15,118323797
2021-04-01,123.66,124.18,122.49,123,75089125
2021-04-05,123.87,126.16,123.07,125.9,88651188
2021-04-06,126.5,127.13,125.65,126.21,80171250
2021-04-07,125.83,127.92,125.14,127.9,83466719
2021-04-08,128.95,130.39,128.52,130.36,88844594
2021-04-09,129.8,133.04,129.47,133,106686703
2021-04-12,132.52,132.85,130.63,131.24,91419984
2021-04-13,132.44,134.66,131.93,134.43,91266555
2021-04-14,134.94,135,131.66,132.03,87222781
2021-04-15,133.82,135,133.64,134.5,89347102
2021-04-16,134.3,134.67,133.28,134.16,84922391
2021-04-19,133.51,135.47,133.34,134.84,94264227
2021-04-20,135.02,135.53,131.81,133.11,94812352
2021-04-21,132.36,133.75,131.3,133.5,68847133
2021-04-22,133.04,134.15,131.41,131.94,84566461
2021-04-23,132.16,135.12,132.16,134.32,78756781
2021-04-26,134.83,135.06,133.56,134.72,66905070
2021-04-27,135.01,135.41,134.11,134.39,66015797
2021-04-28,134.31,135.02,133.08,133.58,107760094
2021-04-29,136.47,137.07,132.45,133.48,151100984
2021-04-30,131.78,133.56,131.07,131.46,109839508
2021-05-03,132.04,134.07,131.83,132.54,75135102
2021-05-04,131.19,131.49,126.7,127.85,137564703
2021-05-05,129.2,130.45,127.97,128.1,84000898
2021-05-06,127.89,129.75,127.13,129.74,78128328
2021-05-07,130.85,131.26,129.48,130.21,78973273
2021-05-10,129.41,129.54,126.81,126.85,88071234
2021-05-11,123.5,126.27,122.77,125.91,126142797
2021-05-12,123.4,124.64,122.25,122.77,112172305
2021-05-13,124.58,126.15,124.26,124.97,105861297
2021-05-14,126.25,127.89,125.85,127.45,81917953
2021-05-17,126.82,126.93,125.17,126.27,74116555
2021-05-18,126.56,126.99,124.78,124.85,63342930
2021-05-19,123.16,124.92,122.86,124.69,92611992
2021-05-20,125.23,127.72,125.1,127.31,76857117
2021-05-21,127.82,128,125.21,125.43,79295438
2021-05-24,126.01,127.94,125.94,127.1,63092953
2021-05-25,127.82,128.32,126.32,126.9,72009477
2021-05-26,126.96,127.39,126.42,126.85,56575922
2021-05-27,126.44,127.64,125.08,125.28,94625602
2021-05-28,125.57,125.8,124.55,124.61,71311109
2021-06-01,125.08,125.35,123.94,124.28,67637117
2021-06-02,124.28,125.24,124.05,125.06,59278859
2021-06-03,124.68,124.85,123.13,123.54,76229172
2021-06-04,124.07,126.16,123.85,125.89,75169344
2021-06-07,126.17,126.32,124.83,125.9,71057555
2021-06-08,126.6,128.46,126.21,126.74,74403766
2021-06-09,127.21,127.75,126.52,127.13,56877941
2021-06-10,127.02,128.19,125.94,126.11,71186414
2021-06-11,126.53,127.44,126.1,127.35,53522367
2021-06-14,127.82,130.54,127.07,130.48,96906484
2021-06-15,129.94,130.6,129.39,129.64,62746328
2021-06-16,130.37,130.89,128.46,130.15,91815031
2021-06-17,129.8,132.55,129.65,131.79,96721672
2021-06-18,130.71,131.51,130.24,130.46,108953297
2021-06-21,130.3,132.41,129.21,132.3,79663320
2021-06-22,132.13,134.08,131.62,133.98,74783617
2021-06-23,133.77,134.32,133.23,133.7,60214199
2021-06-24,134.45,134.64,132.93,133.41,68711000
2021-06-25,133.46,133.89,132.81,133.11,70783750
2021-06-28,133.41,135.25,133.35,134.78,62111301
2021-06-29,134.8,136.49,134.35,136.33,64556078
2021-06-30,136.17,137.41,135.87,136.96,63261391
2021-07-01,136.6,137.33,135.76,137.27,52485781
2021-07-02,137.9,140,137.75,139.96,78945570
2021-07-06,140.07,143.15,140.07,142.02,108181797
2021-07-07,143.54,144.89,142.66,144.57,104911602
2021-07-08,141.58,144.06,140.67,143.24,105575508
2021-07-09,142.75,145.65,142.65,145.11,99890797
2021-07-12,146.21,146.32,144,144.5,76299719
2021-07-13,144.03,147.46,143.63,145.64,100827102
2021-07-14,148.1,149.57,147.68,149.15,127050797
2021-07-15,149.24,150,147.09,148.48,106820305
2021-07-16,148.46,149.76,145.88,146.39,93251430
2021-07-19,143.75,144.07,141.67,142.45,121434602
2021-07-20,143.46,147.1,142.96,146.15,96350039
2021-07-21,145.53,146.13,144.63,145.4,74993453
2021-07-22,145.94,148.2,145.81,146.8,77338156
2021-07-23,147.55,148.72,146.92,148.56,71447422
2021-07-26,148.27,149.83,147.7,148.99,72434086
2021-07-27,149.12,149.21,145.55,146.77,104818602
2021-07-28,144.81,146.97,142.54,144.98,118931203
2021-07-29,144.69,146.55,144.58,145.64,56699480
2021-07-30,144.38,146.33,144.11,145.86,70440633
2021-08-02,146.36,146.95,145.25,145.52,62879961
2021-08-03,145.81,148.05,145.18,147.36,64786621
2021-08-04,147.27,147.79,146.28,146.95,56368273
2021-08-05,146.98,147.84,146.17,147.06,46397672
2021-08-06,146.35,147.11,145.63,146.14,54126809
2021-08-09,146.2,146.7,145.52,146.09,48908688
2021-08-10,146.44,147.71,145.3,145.6,69023078
2021-08-11,146.05,146.72,145.53,145.86,48493461
2021-08-12,146.19,149.05,145.84,148.89,73779109
2021-08-13,148.97,149.44,148.27,149.1,59375008
2021-08-16,148.54,151.19,146.47,151.12,103558797
2021-08-17,150.23,151.68,149.09,150.19,92229742
2021-08-18,149.8,150.72,146.15,146.36,86325992
2021-08-19,145.03,148,144.5,146.7,86960312
2021-08-20,147.44,148.5,146.78,148.19,60549633
2021-08-23,148.31,150.19,147.89,149.71,60131809
2021-08-24,149.45,150.86,149.15,149.62,48606434
2021-08-25,149.81,150.32,147.8,148.36,58991301
2021-08-26,148.35,149.12,147.51,147.54,48597199
2021-08-27,147.48,148.75,146.83,148.6,55802391
2021-08-30,149,153.49,148.61,153.12,90956719
2021-08-31,152.66,152.8,151.29,151.83,86453117
2021-09-01,152.83,154.98,152.34,152.51,80313711
2021-09-02,153.87,154.72,152.4,153.65,71171320
2021-09-03,153.76,154.63,153.09,154.3,57866070
2021-09-07,154.97,157.26,154.39,156.69,82278258
2021-09-08,156.98,157.04,153.98,155.11,74420211
2021-09-09,155.49,156.11,153.95,154.07,57305727
2021-09-10,155,155.48,148.7,148.97,140893203
2021-09-13,150.63,151.42,148.75,149.55,102404305
2021-09-14,150.35,151.07,146.91,148.12,109296305
2021-09-15,148.56,149.44,146.37,149.03,83281320
2021-09-16,148.44,148.97,147.22,148.79,68034148
2021-09-17,148.82,148.82,145.76,146.06,129868797
2021-09-20,143.8,144.84,141.27,142.94,123478898
2021-09-21,143.93,144.6,142.78,143.43,75833961
2021-09-22,144.45,146.43,143.7,145.85,76404336
2021-09-23,146.65,147.08,145.64,146.83,64838168
2021-09-24,145.66,147.47,145.56,146.92,53477871
2021-09-27,145.47,145.96,143.82,145.37,74150727
2021-09-28,143.25,144.75,141.69,141.91,108972305
2021-09-29,142.47,144.45,142.03,142.83,74602039
2021-09-30,143.66,144.38,141.28,141.5,89056656
2021-10-01,141.9,142.92,139.11,142.65,94639586
2021-10-04,141.76,142.21,138.27,139.14,98322008
2021-10-05,139.49,142.24,139.36,141.11,80861055
2021-10-06,139.47,142.15,138.37,142,83221117
2021-10-07,143.06,144.22,142.72,143.29,61732660
2021-10-08,144.03,144.18,142.56,142.9,58773160
2021-10-11,142.27,144.81,141.81,142.81,64452219
2021-10-12,143.23,143.25,141.04,141.51,73035859
2021-10-13,141.24,141.4,139.2,140.91,78762719
2021-10-14,142.11,143.88,141.51,143.76,69907102
2021-10-15,143.77,144.9,143.51,144.84,67940328
2021-10-18,143.45,146.84,143.16,146.55,85589188
2021-10-19,147.01,149.17,146.55,148.76,76378891
2021-10-20,148.7,149.75,148.12,149.26,58418793
2021-10-21,148.81,149.64,147.87,149.48,61420992
2021-10-22,149.69,150.18,148.64,148.69,58883441
2021-10-25,148.68,149.37,147.62,148.64,50720559
2021-10-26,149.33,150.84,149.01,149.32,60893398
2021-10-27,149.36,149.73,148.49,148.85,56094930
2021-10-28,149.82,153.17,149.72,152.57,100077906
2021-10-29,147.22,149.94,146.41,149.8,124953203
2021-11-01,148.99,149.7,147.8,148.96,74588258
2021-11-02,148.66,151.57,148.65,150.02,69121992
2021-11-03,150.39,151.97,149.82,151.49,54511527
2021-11-04,151.58,152.43,150.64,150.96,60394621
2021-11-05,151.89,152.2,150.06,151.28,65463879
2021-11-08,151.41,151.57,150.16,150.44,55020871
2021-11-09,150.2,151.43,150.06,150.81,56787930
2021-11-10,150.02,150.13,147.85,147.92,65187090
2021-11-11,148.96,149.43,147.68,147.87,40999953
2021-11-12,148.43,150.4,147.48,149.99,63804008
2021-11-15,150.37,151.88,149.43,150,59222801
2021-11-16,149.94,151.49,149.34,151,59256207
2021-11-17,151,155,150.99,153.49,88807000
2021-11-18,153.71,158.67,153.05,157.87,137827703
2021-11-19,157.65,161.02,156.53,160.55,117305602
2021-11-22,161.68,165.7,161,161.02,117467906
2021-11-23,161.12,161.8,159.06,161.41,96041906
2021-11-24,160.75,162.14,159.64,161.94,69463617
2021-11-26,159.57,160.45,156.36,156.81,76959750
2021-11-29,159.37,161.19,158.79,160.24,88748227
2021-11-30,159.99,165.52,159.92,165.3,174048094
2021-12-01,167.48,170.3,164.53,164.77,152423016
2021-12-02,158.74,164.2,157.8,163.76,136739203
2021-12-03,164.02,164.96,159.72,161.84,118023102
2021-12-06,164.29,167.88,164.28,165.32,107497000
2021-12-07,169.08,171.58,168.34,171.18,120405398
2021-12-08,172.13,175.96,170.7,175.08,116998898
2021-12-09,174.91,176.75,173.92,174.56,108923695
2021-12-10,175.21,179.63,174.69,179.45,115402703
2021-12-13,181.12,182.13,175.53,175.74,153236984
2021-12-14,175.25,177.74,172.21,174.33,139380406
2021-12-15,175.11,179.5,172.31,179.3,131063297
2021-12-16,179.28,181.14,170.75,172.26,150185797
2021-12-17,169.93,173.47,169.69,171.14,195923391
2021-12-20,168.28,170.58,167.46,169.75,107499102
2021-12-21,171.56,173.2,169.12,172.99,91185914
2021-12-22,173.04,175.86,172.15,175.64,92135297
2021-12-23,175.85,176.85,175.27,176.28,68356570
2021-12-27,177.09,180.42,177.07,180.33,74919586
2021-12-28,180.16,181.33,178.53,179.29,79144336
2021-12-29,179.33,180.63,178.14,179.38,62348930
2021-12-30,179.47,180.57,178.09,178.2,59773008
2021-12-31,178.09,179.23,177.26,177.57,64062262
2022-01-03,177.83,182.88,177.71,182.01,104701203
2022-01-04,182.63,182.94,179.12,179.7,99310438
2022-01-05,179.61,180.17,174.64,174.92,94537602
2022-01-06,172.7,175.3,171.64,172,96903961
2022-01-07,172.89,174.14,171.03,172.17,86709148
2022-01-10,169.08,172.5,168.17,172.19,106765602
2022-01-11,172.32,175.18,170.82,175.08,76138312
2022-01-12,176.12,177.18,174.82,175.53,74805172
2022-01-13,175.78,176.62,171.79,172.19,84505758
2022-01-14,171.34,173.78,171.09,173.07,80440781
2022-01-18,171.51,172.54,169.41,169.8,91168727
2022-01-19,170,171.08,165.94,166.23,94814992
2022-01-20,166.98,169.68,164.18,164.51,91420523
2022-01-21,164.42,166.33,162.3,162.41,122848898
2022-01-24,160.02,162.3,154.7,161.62,162706703
2022-01-25,158.98,162.76,157.02,159.78,115798398
2022-01-26,163.5,164.39,157.82,159.69,108275297
2022-01-27,162.45,163.84,158.28,159.22,121954602
2022-01-28,165.71,170.35,162.8,170.33,179935703
2022-01-31,170.16,175,169.51,174.78,115541602
2022-02-01,174.01,174.84,172.31,174.61,86213914
2022-02-02,174.75,175.88,173.33,175.84,84914258
2022-02-03,174.48,176.24,172.12,172.9,89418070
2022-02-04,171.68,174.1,170.68,172.39,82465398
2022-02-07,172.86,173.95,170.95,171.66,77251203
2022-02-08,171.73,175.35,171.43,174.83,74829219
2022-02-09,176.05,176.65,174.9,176.28,71285039
2022-02-10,174.14,175.48,171.55,172.12,90865906
2022-02-11,172.33,173.08,168.04,168.64,98670688
2022-02-14,167.37,169.58,166.56,168.88,86185531
2022-02-15,170.97,172.95,170.25,172.79,64286320
2022-02-16,171.85,173.34,170.05,172.55,61177398
2022-02-17,171.03,171.91,168.47,168.88,69589344
2022-02-18,169.82,170.54,166.19,167.3,82772672
2022-02-22,164.98,166.69,162.15,164.32,91162758
2022-02-23,165.54,166.15,159.75,160.07,90009250
2022-02-24,152.58,162.85,152,162.74,141147500
2022-02-25,163.84,165.12,160.87,164.85,91974227
2022-02-28,163.06,165.42,162.43,165.12,95056633
2022-03-01,164.7,166.6,161.97,163.2,83474430
2022-03-02,164.39,167.36,162.95,166.56,79724750
2022-03-03,168.47,168.91,165.55,166.23,76678438
2022-03-04,164.49,165.55,162.1,163.17,83819594
2022-03-07,163.36,165.02,159.04,159.3,96418852
2022-03-08,158.82,162.88,155.8,157.44,131148297
2022-03-09,161.48,163.41,159.41,162.95,91454914
2022-03-10,160.2,160.39,155.98,158.52,105342000
2022-03-11,158.93,159.28,154.5,154.73,96970094
2022-03-14,151.45,154.12,150.1,150.62,108732094
2022-03-15,150.9,155.57,150.38,155.09,92964305
2022-03-16,157.05,160,154.46,159.59,102300203
2022-03-17,158.61,161,157.63,160.62,75615375
2022-03-18,160.51,164.48,159.76,163.98,123511695
2022-03-21,163.51,166.35,163.02,165.38,95811352
2022-03-22,165.51,169.42,164.91,168.82,81532008
2022-03-23,167.99,172.64,167.65,170.21,98062672
2022-03-24,171.06,174.14,170.21,174.07,90131422
2022-03-25,173.88,175.28,172.75,174.72,80546156
2022-03-28,172.17,175.73,172,175.6,90371922
2022-03-29,176.69,179.01,176.34,178.96,100589398
2022-03-30,178.55,179.61,176.7,177.77,92633148
2022-03-31,177.84,178.03,174.4,174.61,103049297
2022-04-01,174.03,174.88,171.94,174.31,78751328
2022-04-04,174.57,178.49,174.44,178.44,76545984
2022-04-05,177.5,178.3,174.42,175.06,73401789
2022-04-06,172.36,173.63,170.13,171.83,89058781
2022-04-07,171.16,173.36,169.85,172.14,77594648
2022-04-08,171.78,171.78,169.2,170.09,76575516
2022-04-11,168.71,169.03,165.5,165.75,72246711
2022-04-12,168.02,169.87,166.64,167.66,79265188
2022-04-13,167.39,171.04,166.77,170.4,70618930
2022-04-14,170.62,171.27,165.04,165.29,75329375
2022-04-18,163.92,166.6,163.57,165.07,69023938
2022-04-19,165.02,167.82,163.91,167.4,67723828
2022-04-20,168.76,168.88,166.1,167.23,67929805
2022-04-21,168.91,171.53,165.91,166.42,87227766
2022-04-22,166.46,167.87,161.5,161.79,84882414
2022-04-25,161.12,163.17,158.46,162.88,96046383
2022-04-26,162.25,162.34,156.72,156.8,95623242
2022-04-27,155.91,159.79,155.38,156.57,88063195
2022-04-28,159.25,164.52,158.93,163.64,130216797
2022-04-29,161.84,166.2,157.25,157.65,131747594
2022-05-02,156.71,158.23,153.27,157.96,123055297
2022-05-03,158.15,160.71,156.32,159.48,88966531
2022-05-04,159.67,166.48,159.26,166.02,108256492
2022-05-05,163.85,164.08,154.95,156.77,130525297
2022-05-06,156.01,159.44,154.18,157.28,116124602
2022-05-09,154.93,155.83,151.49,152.06,131577906
2022-05-10,155.52,156.74,152.93,154.51,115366703
2022-05-11,153.5,155.45,145.81,146.5,142689797
2022-05-12,142.77,146.2,138.8,142.56,182602000
2022-05-13,144.59,148.11,143.11,147.11,113990898
2022-05-16,145.55,147.52,144.18,145.54,86643773
2022-05-17,148.86,149.77,146.68,149.24,78336250
2022-05-18,146.85,147.36,139.9,140.82,109742898
2022-05-19,139.88,141.66,136.6,137.35,136095594
2022-05-20,139.09,140.7,132.61,137.59,137426094
2022-05-23,137.79,143.26,137.65,143.11,117726305
2022-05-24,140.81,141.97,137.33,140.36,104132703
2022-05-25,138.43,141.79,138.34,140.52,92482703
2022-05-26,137.39,144.34,137.14,143.78,90601555
2022-05-27,145.39,149.68,145.26,149.64,90978492
2022-05-31,149.07,150.66,146.84,148.84,103718398
2022-06-01,149.9,151.74,147.68,148.71,74286641
2022-06-02,147.83,151.27,146.86,151.21,72348062
2022-06-03,146.9,147.97,144.46,145.38,88570289
2022-06-06,147.03,148.57,144.9,146.14,71598383
2022-06-07,144.35,149,144.1,148.71,67808148
2022-06-08,148.58,149.87,147.46,147.96,53950199
2022-06-09,147.08,147.95,142.53,142.64,69472977
2022-06-10,140.28,140.76,137.06,137.13,91566641
2022-06-13,132.87,135.2,131.44,131.88,122207102
2022-06-14,133.13,133.89,131.48,132.76,84784328
2022-06-15,134.29,137.34,132.16,135.43,91532969
2022-06-16,132.08,132.39,129.04,130.06,107961508
2022-06-17,130.07,133.08,129.81,131.56,134520297
2022-06-21,133.42,137.06,133.32,135.87,81000484
2022-06-22,134.79,137.76,133.91,135.35,73409234
2022-06-23,136.82,138.59,135.63,138.27,72433766
2022-06-24,139.9,141.91,139.77,141.66,89116844
2022-06-27,142.7,143.49,140.97,141.66,70207914
2022-06-28,142.13,143.42,137.33,137.44,67315328
2022-06-29,137.46,140.67,136.67,139.23,66242406
2022-06-30,137.25,138.37,133.77,136.72,98964469
2022-07-01,136.04,139.04,135.66,138.93,71051555
2022-07-05,137.77,141.61,136.93,141.56,73429641
2022-07-06,141.36,144.12,141.08,142.92,74064250
2022-07-07,143.29,146.55,143.28,146.35,66253711
2022-07-08,145.27,147.55,145,147.04,64547801
2022-07-11,145.67,146.64,143.78,144.87,63305113
2022-07-12,145.76,148.45,145.05,145.86,77588758
2022-07-13,142.99,146.45,142.12,145.49,71185562
2022-07-14,144.08,148.95,143.25,148.47,78140734
2022-07-15,149.78,150.86,148.2,150.17,76259930
2022-07-18,150.74,151.57,146.7,147.07,81420875
2022-07-19,147.92,151.23,146.91,151,82982367
2022-07-20,151.12,153.72,150.37,153.04,64823406
2022-07-21,154.5,155.57,151.94,155.35,65086641
2022-07-22,155.39,156.28,153.41,154.09,66675406
2022-07-25,154.01,155.04,152.28,152.95,53623953
2022-07-26,152.27,153.09,150.8,151.6,55138688
2022-07-27,152.58,157.33,152.16,156.79,78620688
2022-07-28,156.98,157.64,154.41,157.35,81378727
2022-07-29,161.24,163.63,159.5,162.51,101786898
2022-08-01,161.01,163.59,160.89,161.51,67829375
2022-08-02,160.1,162.41,159.63,160.01,59907031
2022-08-03,160.84,166.59,160.75,166.13,82507484
2022-08-04,166.01,167.19,164.43,165.81,55474141
2022-08-05,163.21,165.85,163,165.35,56696992
2022-08-08,166.37,167.81,164.2,164.87,60362340
2022-08-09,164.02,165.82,163.25,164.92,63135500
2022-08-10,167.68,169.34,166.9,169.24,70170547
2022-08-11,170.06,170.99,168.19,168.49,57149160
2022-08-12,169.82,172.17,169.4,172.1,68039375
2022-08-15,171.52,173.39,171.35,173.19,54091688
2022-08-16,172.78,173.71,171.66,173.03,56377047
2022-08-17,172.77,176.15,172.57,174.55,79542039
2022-08-18,173.75,174.9,173.12,174.15,62290078
2022-08-19,173.03,173.74,171.31,171.52,70346305
2022-08-22,169.69,169.86,167.14,167.57,69026805
2022-08-23,167.08,168.71,166.65,167.23,54147078
2022-08-24,167.32,168.11,166.25,167.53,53841520
2022-08-25,168.78,170.14,168.35,170.03,51218207
2022-08-26,170.57,171.05,163.56,163.62,78960977
2022-08-29,161.15,162.9,159.82,161.38,73313953
2022-08-30,162.13,162.56,157.72,158.91,77906203
2022-08-31,160.31,160.58,157.14,157.22,87991086
2022-09-01,156.64,158.42,154.67,157.96,74229906
2022-09-02,159.75,160.36,154.97,155.81,76957766
2022-09-06,156.47,157.09,153.69,154.53,73714844
2022-09-07,154.83,156.67,153.61,155.96,87449570
2022-09-08,154.64,156.36,152.68,154.46,84923852
2022-09-09,155.47,157.82,154.75,157.37,68081008
2022-09-12,159.59,164.26,159.3,163.43,104956000
2022-09-13,159.9,160.54,153.37,153.84,122656602
2022-09-14,154.79,157.1,153.61,155.31,87965406
2022-09-15,154.65,155.24,151.38,152.37,90481109
2022-09-16,151.21,151.35,148.37,150.7,162278797
2022-09-19,149.31,154.56,149.1,154.48,81474250
2022-09-20,153.4,158.08,153.08,156.9,107689797
2022-09-21,157.34,158.74,153.6,153.72,101696797
2022-09-22,152.38,154.47,150.91,152.74,86652547
2022-09-23,151.19,151.47,148.56,150.43,96029914
2022-09-26,149.66,153.77,149.64,150.77,93339406
2022-09-27,152.74,154.72,149.95,151.76,84442734
2022-09-28,147.64,150.64,144.84,149.84,146691391
2022-09-29,146.1,146.72,140.68,142.48,128138203
2022-09-30,141.28,143.1,138,138.2,124925297
2022-10-03,138.21,143.07,137.69,142.45,114311695
2022-10-04,145.03,146.22,144.26,146.1,87830062
2022-10-05,144.08,147.38,143.01,146.4,79470969
2022-10-06,145.81,147.54,145.22,145.43,68402172
2022-10-07,142.54,143.1,139.45,140.09,85925562
2022-10-10,140.42,141.89,138.57,140.42,74899000
2022-10-11,139.9,141.35,138.22,138.98,77033672
2022-10-12,139.13,140.36,138.16,138.34,70433742
2022-10-13,134.99,143.59,134.37,142.99,113224000
2022-10-14,144.31,144.52,138.19,138.38,88597969
2022-10-17,141.07,142.9,140.27,142.41,85250945
2022-10-18,145.49,146.7,140.61,143.75,99136609
2022-10-19,141.69,144.95,141.5,143.86,61758340
2022-10-20,143.02,145.89,142.65,143.39,64521992
2022-10-21,142.87,147.85,142.65,147.27,86548609
2022-10-24,147.19,150.23,146,149.45,75981922
2022-10-25,150.09,152.49,149.36,152.34,74732289
2022-10-26,150.96,151.99,148.04,149.35,88436172
2022-10-27,148.07,149.05,144.13,144.8,109180203
2022-10-28,148.2,157.5,147.82,155.74,164762406
2022-10-31,153.16,154.24,151.92,153.34,97943172
2022-11-01,155.08,155.45,149.13,150.65,80379352
2022-11-02,148.95,152.17,145,145.03,93604625
2022-11-03,142.06,142.8,138.75,138.88,97918523
2022-11-04,142.09,142.67,134.38,138.38,140814797
2022-11-07,137.11,139.15,135.67,138.92,83374633
2022-11-08,140.41,141.43,137.49,139.5,89908477
2022-11-09,138.5,138.55,134.59,134.87,74917789
2022-11-10,141.24,146.87,139.5,146.87,118854000
2022-11-11,145.82,150.01,144.37,149.7,93979672
2022-11-14,148.97,150.28,147.43,148.28,73374109
2022-11-15,152.22,153.59,148.56,150.04,89868328
2022-11-16,149.13,149.87,147.29,148.79,64218273
2022-11-17,146.43,151.48,146.15,150.72,80389398
2022-11-18,152.31,152.7,149.97,151.29,74829570
2022-11-21,150.16,150.37,147.72,148.01,58724070
2022-11-22,148.13,150.42,146.93,150.18,51804129
2022-11-23,149.45,151.83,149.34,151.07,58301398
2022-11-25,148.31,148.88,147.12,148.11,35195859
2022-11-28,145.14,146.64,143.38,144.22,69346523
2022-11-29,144.29,144.81,140.36,141.17,83763797
2022-11-30,141.4,148.72,140.55,148.03,111380898
2022-12-01,148.21,149.13,146.61,148.31,71250414
2022-12-02,145.96,148,145.65,147.81,65447449
2022-12-05,147.77,150.92,145.77,146.63,68826438
2022-12-06,147.08,147.3,141.92,142.91,64727191
2022-12-07,142.19,143.37,140,140.94,69721086
2022-12-08,142.36,143.52,141.1,142.65,62128340
2022-12-09,142.34,145.57,140.9,142.16,76097008
2022-12-12,142.7,144.5,141.06,144.49,70462648
2022-12-13,149.5,149.97,144.24,145.47,93886156
2022-12-14,145.35,146.66,141.16,143.21,82291188
2022-12-15,141.11,141.8,136.03,136.5,98931914
2022-12-16,136.69,137.65,133.73,134.51,160156891
2022-12-19,135.11,135.2,131.32,132.37,79592609
2022-12-20,131.39,133.25,129.89,132.3,77432812
2022-12-21,132.98,136.81,132.75,135.45,85927992
2022-12-22,134.35,134.56,130.3,132.23,77852109
2022-12-23,130.92,132.42,129.64,131.86,63814887
2022-12-27,131.38,131.41,128.72,130.03,69007828
2022-12-28,129.67,131.03,125.87,126.04,85438391
2022-12-29,127.99,130.48,127.73,129.61,75703711
2022-12-30,128.41,129.95,127.43,129.93,77034211
2023-01-03,130.28,130.9,124.17,125.07,112117508
2023-01-04,126.89,128.66,125.08,126.36,89113633
2023-01-05,127.13,127.77,124.76,125.02,80962711
2023-01-06,126.01,130.29,124.89,129.62,87754719
2023-01-09,130.47,133.41,129.89,130.15,70790805
2023-01-10,130.26,131.26,128.12,130.73,63896160
2023-01-11,131.25,133.51,130.46,133.49,69458953
2023-01-12,133.88,134.26,131.44,133.41,71379648
2023-01-13,132.03,134.92,131.66,134.76,57809719
2023-01-17,134.83,137.29,134.13,135.94,63646633
2023-01-18,136.82,138.61,135.03,135.21,69672797
2023-01-19,134.08,136.25,133.77,135.27,58280406
2023-01-20,135.28,138.02,134.22,137.87,80223633
2023-01-23,138.12,143.32,137.9,141.11,81760312
2023-01-24,140.31,143.16,140.3,142.53,66435141
2023-01-25,140.89,142.43,138.81,141.86,65799352
2023-01-26,143.17,144.25,141.9,143.96,54105070
2023-01-27,143.16,147.23,143.08,145.93,70555844
2023-01-30,144.96,145.55,142.85,143,64015273
2023-01-31,142.7,144.34,142.28,144.29,65874461
2023-02-01,143.97,146.61,141.32,145.43,77663633
2023-02-02,148.9,151.18,148.17,150.82,118339000
2023-02-03,148.03,157.38,147.83,154.5,154357297
2023-02-06,152.58,153.1,150.78,151.73,69858312
2023-02-07,150.64,155.23,150.64,154.65,83322555
2023-02-08,153.88,154.58,151.17,151.92,64120078
2023-02-09,153.78,154.33,150.42,150.87,56007141
2023-02-10,149.46,151.34,149.22,151.01,57450711
2023-02-13,150.95,154.26,150.92,153.85,62199008
2023-02-14,152.12,153.77,150.86,153.2,61707566
2023-02-15,153.11,155.5,152.88,155.33,65669250
2023-02-16,153.51,156.33,153.35,153.71,68167938
2023-02-17,152.35,153,150.85,152.55,59144121
2023-02-21,150.2,151.3,148.41,148.48,58867230
2023-02-22,148.87,149.95,147.16,148.91,51011312
2023-02-23,150.09,150.34,147.24,149.4,48394246
2023-02-24,147.11,147.19,145.72,146.71,55469609
2023-02-27,147.71,149.17,147.45,147.92,44998473
2023-02-28,147.05,149.08,146.83,147.41,50547000
2023-03-01,146.83,147.23,145.01,145.31,55478992
2023-03-02,144.38,146.71,143.9,145.91,52279762
2023-03-03,148.05,151.11,147.33,151.03,70732305
2023-03-06,153.79,156.3,153.46,153.83,87558031
2023-03-07,153.7,154.03,151.13,151.6,56182031
2023-03-08,152.81,153.47,151.83,152.87,47204793
2023-03-09,153.56,154.54,150.23,150.59,53833578
2023-03-10,150.21,150.94,147.61,148.5,68572398
2023-03-13,147.81,153.14,147.7,150.47,84457117
2023-03-14,151.28,153.4,150.1,152.59,73695891
2023-03-15,151.19,153.25,149.92,152.99,77167875
2023-03-16,152.16,156.46,151.64,155.85,76254414
2023-03-17,156.08,156.74,154.28,155,98944633
2023-03-20,155.07,157.82,154.15,157.4,73641422
2023-03-21,157.32,159.4,156.54,159.28,73938289
2023-03-22,159.3,162.14,157.81,157.83,75701805
2023-03-23,158.83,161.55,157.68,158.93,67622062
2023-03-24,158.86,160.34,157.85,160.25,59256340
2023-03-27,159.94,160.77,157.87,158.28,52390273
2023-03-28,157.97,158.49,155.98,157.65,45992152
2023-03-29,159.37,161.05,159.35,160.77,51305688
2023-03-30,161.53,162.47,161.27,162.36,49501688
2023-03-31,162.44,165,161.91,164.9,68749789
2023-04-03,164.27,166.29,164.22,166.17,56976191
2023-04-04,166.6,166.84,165.11,165.63,46278301
2023-04-05,164.74,165.05,161.8,163.76,51511738
2023-04-06,162.43,164.96,162,164.66,45390121
2023-04-10,161.42,162.03,160.08,162.03,47716879
2023-04-11,162.35,162.36,160.51,160.8,47644219
2023-04-12,161.22,162.06,159.78,160.1,50133059
2023-04-13,161.63,165.8,161.42,165.56,68445648
2023-04-14,164.59,166.32,163.82,165.21,49386480
2023-04-17,165.09,165.39,164.03,165.23,41516219
2023-04-18,166.1,167.41,165.65,166.47,49923008
2023-04-19,165.8,168.16,165.54,167.63,47720168
2023-04-20,166.09,167.87,165.56,166.65,52456379
2023-04-21,165.05,166.45,164.49,165.02,58337340
2023-04-24,165,165.6,163.89,165.33,41949578
2023-04-25,165.19,166.31,163.73,163.77,48714059
2023-04-26,163.06,165.28,162.8,163.76,45498801
2023-04-27,165.19,168.56,165.19,168.41,64902328
2023-04-28,168.49,169.85,167.88,169.68,55275848
2023-05-01,169.28,170.45,168.64,169.59,52472941
2023-05-02,170.09,170.35,167.54,168.54,48425699
2023-05-03,169.5,170.92,167.16,167.45,65136020
2023-05-04,164.89,167.04,164.31,165.79,81235430
2023-05-05,170.98,174.3,170.76,173.57,113453203
2023-05-08,172.48,173.85,172.11,173.5,55962793
2023-05-09,173.05,173.54,171.6,171.77,45326871
2023-05-10,173.02,174.03,171.9,173.56,53724500
2023-05-11,173.85,174.59,172.17,173.75,49514680
2023-05-12,173.62,174.06,171,172.57,45533141
2023-05-15,173.16,173.21,171.47,172.07,37266660
2023-05-16,171.99,173.14,171.8,172.07,42110289
2023-05-17,171.71,172.93,170.42,172.69,57951602
2023-05-18,173,175.24,172.58,175.05,65496660
2023-05-19,176.39,176.39,174.94,175.16,55809480
2023-05-22,173.98,174.71,173.45,174.2,43570930
2023-05-23,173.13,173.38,171.28,171.56,50747262
2023-05-24,171.09,172.42,170.52,171.84,45143488
2023-05-25,172.41,173.9,171.69,172.99,56058262
2023-05-26,173.32,175.77,173.11,175.43,54834980
2023-05-30,176.96,178.99,176.57,177.3,55964398
2023-05-31,177.33,179.35,176.76,177.25,99625289
2023-06-01,177.7,180.12,176.93,180.09,68901805
2023-06-02,181.03,181.78,179.26,180.95,61996910
2023-06-05,182.63,184.95,178.04,179.58,121946492
2023-06-06,179.97,180.12,177.43,179.21,64848367
2023-06-07,178.44,181.21,177.32,177.82,61944621
2023-06-08,177.9,180.84,177.46,180.57,50214879
2023-06-09,181.5,182.23,180.63,180.96,48899969
2023-06-12,181.27,183.89,180.97,183.79,54755000
2023-06-13,182.8,184.15,182.44,183.31,54929129
2023-06-14,183.37,184.39,182.02,183.95,57462879
2023-06-15,183.96,186.52,183.78,186.01,65433168
2023-06-16,186.73,186.99,184.27,184.92,101256203
2023-06-20,184.41,186.1,184.41,185.01,49799090
2023-06-21,184.9,185.41,182.59,183.96,49515699
2023-06-22,183.74,187.05,183.67,187,51245328
2023-06-23,185.55,187.56,185.01,186.68,53117000
2023-06-26,186.83,188.05,185.23,185.27,48088660
2023-06-27,185.89,188.39,185.67,188.06,50730848
2023-06-28,187.93,189.9,187.6,189.25,51216801
2023-06-29,189.08,190.07,188.94,189.59,46347312
2023-06-30,191.63,194.48,191.26,193.97,85213219
2023-07-03,193.78,193.88,191.76,192.46,31346600
2023-07-05,191.57,192.98,190.62,191.33,46920262
2023-07-06,189.84,192.02,189.2,191.81,45156008
2023-07-07,191.41,192.67,190.24,190.68,46815000
2023-07-10,189.26,189.99,187.04,188.61,59922160
2023-07-11,189.16,189.3,186.6,188.08,46638121
2023-07-12,189.68,191.7,188.47,189.77,60750246
2023-07-13,190.5,191.19,189.78,190.54,41342340
2023-07-14,190.23,191.18,189.63,190.69,41616238
2023-07-17,191.9,194.32,191.81,193.99,50520160
2023-07-18,193.35,194.33,192.42,193.73,48353770
2023-07-19,193.1,198.23,192.65,195.1,80507320
2023-07-20,195.09,196.47,192.5,193.13,59581199
2023-07-21,194.1,194.97,191.23,191.94,71951680
2023-07-24,193.41,194.91,192.25,192.75,45505102
2023-07-25,193.33,194.44,192.92,193.62,37283199
2023-07-26,193.67,195.64,193.32,194.5,47471871
2023-07-27,196.02,197.2,192.55,193.22,47460180
2023-07-28,194.67,196.63,194.14,195.83,48291441
2023-07-31,196.06,196.49,195.26,196.45,38824113
2023-08-01,196.24,196.73,195.28,195.61,35281434
2023-08-02,195.04,195.18,191.85,192.58,50389328
2023-08-03,191.57,192.37,190.69,191.17,62243281
2023-08-04,185.52,187.38,181.92,181.99,115956797
2023-08-07,182.13,183.13,177.35,178.85,97576070
2023-08-08,179.69,180.27,177.58,179.8,67823000
2023-08-09,180.87,180.93,177.01,178.19,60378488
2023-08-10,179.48,180.75,177.6,177.97,54686848
2023-08-11,177.32,178.62,176.55,177.79,52036672
2023-08-14,177.97,179.69,177.31,179.46,43675633
2023-08-15,178.88,179.48,177.05,177.45,43622594
2023-08-16,177.13,178.54,176.5,176.57,46964859
2023-08-17,177.14,177.51,173.48,174,66062883
2023-08-18,172.3,175.1,171.96,174.49,61172152
2023-08-21,175.07,176.13,173.74,175.84,46311879
2023-08-22,177.06,177.68,176.25,177.23,42084246
2023-08-23,178.52,181.55,178.33,181.12,52722754
2023-08-24,180.67,181.1,176.01,176.38,54945801
2023-08-25,177.38,179.15,175.82,178.61,51449594
2023-08-28,180.09,180.59,178.55,180.19,43820699
2023-08-29,179.7,184.9,179.5,184.12,53003953
2023-08-30,184.94,187.85,184.74,187.65,60813887
2023-08-31,187.84,189.12,187.48,187.87,60794473
2023-09-01,189.49,189.92,188.28,189.46,45766500
2023-09-05,188.28,189.98,187.61,189.7,45280031
2023-09-06,188.4,188.85,181.47,182.91,81755820
2023-09-07,175.18,178.21,173.54,177.56,112488797
2023-09-08,178.35,180.24,177.79,178.18,65602070
2023-09-11,180.07,180.3,177.34,179.36,58953047
2023-09-12,179.49,180.13,174.82,176.3,90370195
2023-09-13,176.51,177.3,173.98,174.21,84267930
2023-09-14,174,176.1,173.58,175.74,60895762
2023-09-15,176.48,176.5,173.82,175.01,109259508
2023-09-18,176.48,179.38,176.17,177.97,67257570
2023-09-19,177.52,179.63,177.13,179.07,51826941
2023-09-20,179.26,179.7,175.4,175.49,58436180
2023-09-21,174.55,176.3,173.86,173.93,63149121
2023-09-22,174.67,177.08,174.05,174.79,56725391
2023-09-25,174.2,176.97,174.15,176.08,46172738
2023-09-26,174.82,175.2,171.66,171.96,64588953
2023-09-27,172.62,173.04,169.05,170.43,66921805
2023-09-28,169.34,172.03,167.62,170.69,56294422
2023-09-29,172.02,173.07,170.34,171.21,51861078
2023-10-02,171.22,174.3,170.93,173.75,52164539
2023-10-03,172.26,173.63,170.82,172.4,49594609
2023-10-04,171.09,174.21,170.97,173.66,53020289
2023-10-05,173.79,175.45,172.68,174.91,48527922
2023-10-06,173.8,177.99,173.18,177.49,57266680
2023-10-09,176.81,179.05,175.8,178.99,42390770
2023-10-10,178.1,179.72,177.95,178.39,43698020
2023-10-11,178.2,179.85,177.6,179.8,47551102
2023-10-12,180.07,182.34,179.04,180.71,56743121
2023-10-13,181.42,181.93,178.14,178.85,51456078
2023-10-16,176.75,179.08,176.51,178.72,52516980
2023-10-17,176.65,178.42,174.8,177.15,57549352
2023-10-18,175.58,177.58,175.11,175.84,54764379
2023-10-19,176.04,177.84,175.19,175.46,59302859
2023-10-20,175.31,175.42,172.64,172.88,64244031
2023-10-23,170.91,174.01,169.93,173,55980113
2023-10-24,173.05,173.67,171.45,173.44,43816641
2023-10-25,171.88,173.06,170.65,171.1,57156961
2023-10-26,170.37,171.38,165.67,166.89,70625266
2023-10-27,166.91,168.96,166.83,168.22,58499129
2023-10-30,169.02,171.17,168.87,170.29,51130961
2023-10-31,169.35,170.9,167.9,170.77,44846020
2023-11-01,171,174.23,170.12,173.97,56934910
2023-11-02,175.52,177.78,175.46,177.57,77334750
2023-11-03,174.24,176.82,173.35,176.65,79829250
2023-11-06,176.38,179.43,176.21,179.23,63841312
2023-11-07,179.18,182.44,178.97,181.82,70529969
2023-11-08,182.35,183.45,181.59,182.89,49340281
2023-11-09,182.96,184.12,181.81,182.41,53763539
2023-11-10,183.97,186.57,183.53,186.4,66177922
2023-11-13,185.82,186.03,184.21,184.8,43627520
2023-11-14,187.7,188.11,186.3,187.44,60108379
2023-11-15,187.85,189.5,187.78,188.01,53790500
2023-11-16,189.57,190.96,188.65,189.71,54412922
2023-11-17,190.25,190.38,188.57,189.69,50941398
2023-11-20,189.89,191.91,189.88,191.45,46538609
2023-11-21,191.41,191.52,189.74,190.64,38134488
2023-11-22,191.49,192.93,190.83,191.31,39630008
2023-11-24,190.87,190.9,189.25,189.97,24048340
2023-11-27,189.92,190.67,188.9,189.79,40552609
2023-11-28,189.78,191.08,189.4,190.4,38415422
2023-11-29,190.9,192.09,188.97,189.37,43014219
2023-11-30,189.84,190.32,188.19,189.95,48794367
2023-12-01,190.33,191.56,189.23,191.24,45704820
2023-12-04,189.98,190.05,187.45,189.43,43389520
2023-12-05,190.21,194.4,190.18,193.42,66628398
2023-12-06,194.45,194.76,192.11,192.32,41089738
2023-12-07,193.63,195,193.59,194.27,47477660
2023-12-08,194.2,195.99,193.67,195.71,53406359
2023-12-11,193.11,193.49,191.42,193.18,60943699
2023-12-12,193.08,194.72,191.72,194.71,52696898
2023-12-13,195.09,198,194.85,197.96,70404180
2023-12-14,198.02,199.62,196.16,198.11,66831570
2023-12-15,197.53,198.4,197,197.57,128538398
2023-12-18,196.09,196.63,194.39,195.89,55751859
2023-12-19,196.16,196.95,195.89,196.94,40714047
2023-12-20,196.9,197.68,194.83,194.83,52242820
2023-12-21,196.1,197.08,193.5,194.68,46482551
2023-12-22,195.18,195.41,192.97,193.6,37149566
2023-12-26,193.61,193.89,192.83,193.05,28919311
2023-12-27,192.49,193.5,191.09,193.15,48087680
2023-12-28,194.14,194.66,193.17,193.58,34049898
2023-12-29,193.9,194.4,191.73,192.53,42672152
